"https://video-images.vice.com/articles/5c939d5d2709700007238d39/lede/1553178006531-222299_2219532254976982_7557531415907139584_o.jpeg?crop=1xw:0.84375xh;center,center&resize=1400:*"
https://images.ladbible.com/thumbnail?type=jpeg&url=http://beta.ems.ladbiblegroup.com/s3/content/90a9e2605defa1c6f1da81210a20f3dc.png&quality=70&width=720
https://i.ytimg.com/vi/7AXB8nGq5jc/maxresdefault.jpg
https://encrypted-tbn0.gstatic.com/images?q=tbn:ANd9GcS6IUX4S3M2ByE_Q9gWZye5z4koTsxxtx23wM9UVS2QzaMpNTOF&s
https://us.123rf.com/450wm/shinobi34/shinobi341804/shinobi34180400128/100636589-two-women-fighting-slapping-hitting-catfight-concept-of-domestic-violence-physical-assault-crime.jpg?ver=6
https://encrypted-tbn0.gstatic.com/images?q=tbn:ANd9GcSI25NTtr4-jLdA6kzZzKnoKcTb96k_4sAwToLARA_wcygIe75H&s
https://c8.alamy.com/comp/EBW5Y2/young-woman-slapping-the-face-of-her-friend-EBW5Y2.jpg
https://thumbs.dreamstime.com/b/crop-person-slapping-scared-man-face-emotional-male-getting-slapped-shouting-closed-eyes-fear-white-background-145404920.jpg
https://image.shutterstock.com/image-photo/man-getting-slapped-260nw-740219464.jpg
https://cdn.quotesgram.com/img/80/98/983218636-86128_story__slapped.jpg
https://media.breitbart.com/media/2019/03/Screenshot-10-640x480.jpg
https://imgix.ranker.com/user_node_img/50059/1001172784/original/you_re-going-to-feel-a-genuine-impact-photo-u1?w=650&q=50&fm=jpg&fit=crop&crop=faces
https://thumbs.dreamstime.com/b/slap-face-9657553.jpg
https://image.shutterstock.com/image-photo/woman-hand-slapping-mans-face-260nw-141434449.jpg
https://i.ytimg.com/vi/N2VwIfi6LoY/maxresdefault.jpg
https://ichef.bbci.co.uk/images/ic/1008x567/p04ktjn2.jpg
https://c8.alamy.com/comp/HA7FF4/young-man-slapping-a-woman-posed-scene-HA7FF4.jpg
https://static1.bigstockphoto.com/6/9/2/large1500/296447029.jpg
https://image.shutterstock.com/image-photo/woman-slapping-her-friend-argument-260nw-1435745414.jpg
https://encrypted-tbn0.gstatic.com/images?q=tbn:ANd9GcR5ctExpHvpHkEJ7QsJIHvO1JW7ev_ciH381HX6tUnl1wa1OkQ2&s
https://lh4.googleusercontent.com/proxy/Hd4IchDF6LO6C06ZArABOSUasjnoMZI0It4XjfV7Y4siriMuZQeEaNbl-GIqcLhjxOGIHB67vwvRDUPOi1cMXKWO7ZoolHo9c4pGseBAMX0
https://www.thebetterindia.com/wp-content/uploads/2016/02/INDp118a.jpg
https://st3.depositphotos.com/13194036/33386/i/450/depositphotos_333861220-stock-photo-selective-focus-screaming-woman-slapping.jpg
https://www.sciencenewsforstudents.org/wp-content/uploads/2019/11/860_main_contagious_violence.png
https://cdn.givingcompass.org/wp-content/uploads/2018/05/16145030/shutterstock_1066233650-2-800x450.jpg
https://encrypted-tbn0.gstatic.com/images?q=tbn%3AANd9GcRl_0qURK4ZlmCEUU6PJNXgHfkZ0YuxLdxghTcHxa6JlLf2-qsb&usqp=CAU
https://encrypted-tbn0.gstatic.com/images?q=tbn%3AANd9GcQs8b8Z446j-00uHTbpNS-_txEwW-AkAweJ0ZFWdRpMlYj76U1Q&usqp=CAU
https://i.ytimg.com/vi/Q-Z7QYkqn2M/maxresdefault.jpg
https://encrypted-tbn0.gstatic.com/images?q=tbn%3AANd9GcRnNSUy5s8IPI-gF-rBHUD8E48XtYHCqPPkqb0uxTVzk2K-Z8q8&usqp=CAU
https://encrypted-tbn0.gstatic.com/images?q=tbn%3AANd9GcQ4X2LN19F3jaiTstXu07H5K7Q5c4NkyCkb3n7jnsPUREVeDJZt&usqp=CAU
https://i.insider.com/505479c8eab8ea6064000002?width=600&format=jpeg&auto=webp
https://encrypted-tbn0.gstatic.com/images?q=tbn%3AANd9GcRfIiOXQWsz9nLGxB-lopz329oe-escWaJQILaDAHnpyBWhidjC&usqp=CAU
https://encrypted-tbn0.gstatic.com/images?q=tbn%3AANd9GcQ7B4l4bXBmlWhBMoNugqn6jmA3m5apA9KXdsabjJCJWSlbyRLT&usqp=CAU
https://encrypted-tbn0.gstatic.com/images?q=tbn%3AANd9GcSQZsIrwVellJ3Ii61C_P4_IymD7Xuo28ESuktZ2kgkymIL4Fdf&usqp=CAU
https://i.ytimg.com/vi/wx-_fNtoRxs/maxresdefault.jpg
https://i.ytimg.com/vi/1PTjkLcDASQ/hqdefault.jpg
https://si.wsj.net/public/resources/images/B3-EP682_MOVIEE_M_20190730120202.jpg
https://onthebright.com/wp-content/uploads/2019/02/vinrock.jpg
https://encrypted-tbn0.gstatic.com/images?q=tbn%3AANd9GcQlyXd4fHVwWUm7vnVpZQYIAcQsJL0wgggUuow94XRw80WpFwcy&usqp=CAU
https://encrypted-tbn0.gstatic.com/images?q=tbn%3AANd9GcS5u_iBGTmdmL8fDGeYcNL0jEaCv6TggWOsjlNykxP2Vqqzk8cF&usqp=CAU
https://encrypted-tbn0.gstatic.com/images?q=tbn%3AANd9GcSH7XNwRIF90nm9ovTSrfr6ND36dw8JLEWu208FudDLLM8SzJtC&usqp=CAU
https://c8.alamy.com/comp/J70J79/woman-women-fight-fighting-face-action-attack-punch-combat-martial-J70J79.jpg
https://coolmaterial.com/wp-content/uploads/2016/11/Best-Places-to-Punch-Someone-1000x600.jpg
https://img.bleacherreport.net/img/images/photos/003/768/109/hi-res-c1aefe6a22d7006076258057d72c8c95_crop_north.jpg?h=533&w=800&q=70&crop_x=center&crop_y=top
https://images05.military.com/sites/default/files/media/military-fitness/2016/04/block-punch.jpg
https://www.shutterstock.com/blog/wp-content/uploads/sites/5/2018/07/punch.jpg
https://lh4.googleusercontent.com/proxy/NXNRbzz9NRNGsDLk4bWhmNDQSiVioTSjVs4s2ayU0tRdvU11ZCruT_KvSWQTLayw7-qQu6lnh9ZC76MwMhvf--o8-j1amVfRjzTUuM0RhOWMQoie
https://miro.medium.com/max/7274/0*oT_RLmSumdYJTE6s
https://i0.wp.com/www.foodrepublic.com/wp-content/uploads/2014/07/Screen-Shot-2014-07-22-at-5.27.53-PM.png?fit=930%2C863&ssl=1
https://i.insider.com/5e9426dc73d0c843ef7f7b23?width=1100&format=jpeg&auto=webp
https://encrypted-tbn0.gstatic.com/images?q=tbn%3AANd9GcSeFjkJuN9qZB_Mh9w9Ro4bkB-x9Sl63UTNw614QNb9OAWcyRUs&usqp=CAU
https://encrypted-tbn0.gstatic.com/images?q=tbn%3AANd9GcRq4tucA6Lbym_P_uaxcjNc1r3KAruX-8V1tqP6DnOvP0yVQtPd&usqp=CAU
https://images.indianexpress.com/2015/07/policeman-slapped.jpg
https://i.pinimg.com/originals/cf/ff/e1/cfffe12c52069f88d9512632c1a18777.jpg
https://www.bfi.org.uk/sites/bfi.org.uk/files/styles/full/public/image/in-the-heat-of-the-night-1967-006-sidney-poitier-slaps-larry-gates-right-back.jpg?itok=ZfpBzz3w
https://filmjunk.com/images/weblog/2009/03/ipman2.jpg
https://coolmaterial.com/wp-content/uploads/2016/11/punch-to-neck.jpg
https://s.abcnews.com/images/US/wildwood-beach-police-scene-1-ht-jt-180527_hpMain_16x9_992.jpg
https://i1.wp.com/monstermartialarts.com/wp-content/uploads/2013/05/hard-fist.jpeg
https://www.theindianwire.com/wp-content/uploads/2019/01/Salman-Khan-1.jpg
https://upperstall.com/wp-content/uploads/2012/08/ek-tha-tiger-movie-wallpaper-29.jpg
https://faithit-eszuskq0bptlfh8awbb.stackpathdns.com/wp-content/uploads/beans/images/satan-face-hard-8b38574.jpg
https://image.shutterstock.com/z/stock-photo-woman-getting-a-hard-punch-from-boxing-glove-fist-86244946.jpg
https://www.thesun.co.uk/wp-content/uploads/2020/04/NINTCHDBPICT000572769761.jpg?strip=all&w=960
https://qph.fs.quoracdn.net/main-qimg-ca04098eede24357441b0e11813b043a.webp
https://images.mid-day.com/images/2014/jan/30-Jai-Ho_l.jpg
https://waukeshacriminalattorneys.com/wp-content/uploads/2019/10/domestic-violence-1024x713.jpg
https://thumbs.dreamstime.com/b/domestic-violence-concept-husband-beating-his-wife-domestic-violence-concept-151947441.jpg
https://encrypted-tbn0.gstatic.com/images?q=tbn%3AANd9GcSGl-jORSp1XDI-JgLk-j3l-blD3jCd2i-GsMjFw-W7ZnashjqN&usqp=CAU
https://encrypted-tbn0.gstatic.com/images?q=tbn%3AANd9GcRJ9OB2RnsVLoSUAeYJEjEieljZe_WQAGIimYMQ5kCZE6tXzMy3&usqp=CAU
https://encrypted-tbn0.gstatic.com/images?q=tbn%3AANd9GcRwiPkuj8XoMIcrPAVqubNkzGlTNfwkN6lPQrHcngs-OZ1MRFEH&usqp=CAU
https://media.istockphoto.com/photos/man-beating-up-woman-picture-id453811917?k=6&m=453811917&s=612x612&w=0&h=y500vhI67XNCZIx1yaZ2KU83IWw31zN8_scAtJN5_mk=
https://encrypted-tbn0.gstatic.com/images?q=tbn%3AANd9GcRQKZVlen6e4VHuKOZ8M1jEmr8_cjog7AOnkzBdqy2mtpKR_jB8&usqp=CAU
https://divorcedmoms.com/wp-content/uploads/2013/08/635390843440183403Fotolia_59998455_XS.jpg
https://www.berrystreet.org.au/sites/default/files/child-physical-abuse-2.jpg
https://maplegate.info/UploadedFiles/images/physical_abuse.jpg
https://cdn.vox-cdn.com/thumbor/M6hqFpv6GLL3kLYQK6YZwUo6MGE=/250x250/cdn.vox-cdn.com/uploads/chorus_asset/file/17870420/1615224.jpg
https://watnopaarpunjabinews.com/wp-content/uploads/2017/09/2017_9largeimg30_Saturday_2017_143339976.jpg
https://encrypted-tbn0.gstatic.com/images?q=tbn%3AANd9GcTwp8PhCg_xk8qJXJ7in0DdoB489f6FYAQ_HGSGa1BbHHFOD92N&usqp=CAU
https://viralsolutions.net/wp-content/uploads/2014/10/shutterstock_208623199.jpg
http://com.dataturks.a96-i23.open.s3.amazonaws.com/2c9fafb068c19d770169c7c371061438/f6dde7ca-0d53-49aa-a523-36b76de55148___data2_frame213.jpg
https://encrypted-tbn0.gstatic.com/images?q=tbn%3AANd9GcRd4sInJ2VZag4m902sBoJzvT0JeCFP5c-QWeWOT3PnqF1u92qK&usqp=CAU
https://c8.alamy.com/comp/2AGYMT3/taking-a-lot-of-abuse-from-him-bearded-man-pushing-girl-using-physical-abuse-in-public-woman-experiencing-violence-and-abuse-domestic-violence-as-a-gender-based-form-of-extreme-human-rights-abuse-2AGYMT3.jpg
https://encrypted-tbn0.gstatic.com/images?q=tbn%3AANd9GcQztDlEiqxQ20BkREy5lyB6o5EI8EhzvKlLO-37N3GunV8bZj3T&usqp=CAU
https://www.domesticviolenceroundtable.org/yali/sites/default/files/physical%20abuse.PNG
https://encrypted-tbn0.gstatic.com/images?q=tbn%3AANd9GcQbo9uIsPy78wlJrNcUeIm6iLzCAfHQIdJUUG-AMG0ik9jZiMH-&usqp=CAU
https://encrypted-tbn0.gstatic.com/images?q=tbn%3AANd9GcS_HWYwNgJDOkwpDOBv3K7nUz5lPqQjg6TW1BrHVdukORDO1ML7&usqp=CAU
https://encrypted-tbn0.gstatic.com/images?q=tbn%3AANd9GcRKfJ5CwiXQqtL-mZvBHVP6dWO3JAe0U5P2RO0J0qgaZHEfMkdA&usqp=CAU
https://i.ytimg.com/vi/ifTcnTOtjMc/hqdefault.jpg
https://us.123rf.com/450wm/satura86/satura861802/satura86180200033/94993527-domestic-violence-abuse-and-people-concept-man-beating-woman-on-white-background.jpg?ver=6
https://i.dailymail.co.uk/i/pix/2013/10/18/article-2465449-18CE43DA00000578-598_634x425.jpg
https://previews.123rf.com/images/lopolo/lopolo1810/lopolo181002060/112594272-man-beating-helpless-woman-at-home-white-background.jpg
https://encrypted-tbn0.gstatic.com/images?q=tbn%3AANd9GcSPoQycE11Xay3QT_ZtRAYXa9rXnK8C6AZTocUd8RRhMc0VNoef&usqp=CAU
https://encrypted-tbn0.gstatic.com/images?q=tbn%3AANd9GcTcJVqei6ath7fpUwmk7kK6E3LijdOzbr7L9a3u4VgJ4MI9Ie1o&usqp=CAU
https://encrypted-tbn0.gstatic.com/images?q=tbn%3AANd9GcRt2Mq1w0LI_8pkJghAleVw0LE3o_1SHOjPrJVmVeonDcnqzwGC&usqp=CAU
https://encrypted-tbn0.gstatic.com/images?q=tbn%3AANd9GcSpvPGRloqf-MBMrpXKKVFLT4xVhor9We3V-i3N4zIKSs14AUrn&usqp=CAU
https://calcoastnews.com/images/2011/10/Elder-Abuse-Los-Angeles1.jpg
https://encrypted-tbn0.gstatic.com/images?q=tbn%3AANd9GcT7GYECDHl1HYf2pQ4nT_6jhCfqgqsij34K_P0FRhTOfhvXWVHP&usqp=CAU
https://www.bjjee.com/wp-content/uploads/2015/09/street-fight.jpg
https://www.irishtimes.com/polopoly_fs/1.3317616.1512565358!/image/image.jpg_gen/derivatives/box_620_330/image.jpg
https://i.guim.co.uk/img/static/sys-images/Admin/BkFill/Default_image_group/2010/9/4/1283592102191/DOMESTIC-VIOLENCE-BY-WOME-006.jpg?width=300&quality=85&auto=format&fit=max&s=042b59b12c0df2da36be8c3be67f1400
https://www.2raw4tv.com/video/picture/gyugkygyugkyggyugyugkugyugkgkygygcc.jpg
https://encrypted-tbn0.gstatic.com/images?q=tbn%3AANd9GcT-eF2sPw9vJc2zrp6WuoCZN6_4d3jsUIi3iyEjOthrScH446_E&usqp=CAU
https://lh5.googleusercontent.com/proxy/4Yx_bs48Z_RTBsIAhk61OQzWFeA8D8uvd3VoZg2EzNsfCQ7NYvZucbOug92koTAL3z8aGQ4MXMGidrNqrA0QBsOsup6CKvrrGPi9YOjAk2SP0w7RJ-zpONAZ_g82j5klatNstZkfGBcd9Q
https://previews.123rf.com/images/mikekiev/mikekiev1309/mikekiev130900062/22249188-emotional-fight-between-men-and-women.jpg
https://www.meme-arsenal.com/memes/5a7e9a35c9f01c6027a536f009a8db58.jpg
https://bloximages.chicago2.vip.townnews.com/trentonian.com/content/tncms/assets/v3/editorial/6/98/6988f0ab-f7fe-5058-b3d9-0cd9409ab40c/5b7c11a95f9b2.image.jpg
https://previews.123rf.com/images/markusgann/markusgann1108/markusgann110800052/10371791-an-image-of-a-young-woman-fighting-with-a-man.jpg
https://i.dailymail.co.uk/i/pix/2014/11/12/1415806356041_Large_Preview_galleryImage__Two_men_violently_bare_k.JPG
https://encrypted-tbn0.gstatic.com/images?q=tbn%3AANd9GcTbWQmq4wUkTupeHPbNd1Y4wnFFL-3vdzKvhNlVX3uiOMpR8Aeg&usqp=CAU
https://i.pinimg.com/originals/a9/1c/1b/a91c1bbbf8f5cfbdfd07e25d4c236eaa.jpg
https://previews.123rf.com/images/nyul/nyul1301/nyul130100050/17083814-young-couple-fighting-woman-kicking-man-relationship-crisis-stress-at-workplace-.jpg
https://encrypted-tbn0.gstatic.com/images?q=tbn:ANd9GcSw3NbGmvt9ii-W7batsRFUZ4ZwkzRAJwyOF_qVozCv87t5WwUs5Q&s
https://encrypted-tbn0.gstatic.com/images?q=tbn:ANd9GcR9YxJPTk5GRpzIrchjzbeRsmSG_ilhlvicHyOnPd3OGJgjqRDo&s
https://encrypted-tbn0.gstatic.com/images?q=tbn:ANd9GcRyCzjoUgWz30UDSqFWNABt8viXodk7M0x7rQtmVLmkTVGWEW0dOQ&s
https://townsquare.media/site/705/files/2016/02/Newburgh-Fight21.jpg?w=980&q=75
https://citizen.co.za/wp-content/uploads/2019/02/brawl-1-557x418.jpg
https://3.bp.blogspot.com/-Q9WBN5KZNpg/VmLfBakt6TI/AAAAAAAAAis/d_bMLKnvaXg/s1600/real%2Bstreet%2Bfight%2Bvideos.jpg
https://lh3.googleusercontent.com/proxy/jd-CKenOTDVISSKaNqzOkXDGeQ3kiyMCRPqLqDDqgCmkwKosinxzC9NKosBzjKy-dcdShKk_h_q3RyuNHEVu4pm21IwIzINjC1WJ5SylB1gIgSOOH1kB0IQuPk4PDvQ
https://i.ytimg.com/vi/du2qsSNhM_s/hqdefault.jpg
https://i.dailymail.co.uk/i/pix/2017/01/06/22/3BE7FF6400000578-4096266-image-m-59_1483740186846.jpg
https://townsquare.media/site/385/files/2018/11/Seaside-Heights-edited.jpg?w=980&q=75
https://encrypted-tbn0.gstatic.com/images?q=tbn:ANd9GcSXxBqlavMX8hQCM0eCJwmdCRWQ3KfXCOKYe2hRulR7LCG22uH0&s
https://encrypted-tbn0.gstatic.com/images?q=tbn:ANd9GcToxGQJo3e8rddoyX-kep9vYZWyVpMUIBy3OuZtwKllBThaHDj6bg&s
https://encrypted-tbn0.gstatic.com/images?q=tbn:ANd9GcQkqSXe7xwah-rxdV5AHfo-RWNFDTh7e3wvAegf9BjZ8fTYnL6S&s
https://encrypted-tbn0.gstatic.com/images?q=tbn:ANd9GcSPb8KrlimzukuyndNdxo29YQ5z9JALDxgIrfJwpzbWOHZXMQcC&s
https://encrypted-tbn0.gstatic.com/images?q=tbn:ANd9GcQH9neCACvshQZM9pB_YSgP6ESOxKWpxhPmlEyUMlkc7CFXfjqqng&s
https://encrypted-tbn0.gstatic.com/images?q=tbn:ANd9GcSxd-jHcSWvg_-m-nji3wvgk3nfToxng6tz0s_F_hmRkx_p7yCGLQ&s
https://encrypted-tbn0.gstatic.com/images?q=tbn:ANd9GcSvBoWusoD-o_-ulAER2lEJuqHuXXKD9ZjJRONOg5Geu62IVHln&s
https://encrypted-tbn0.gstatic.com/images?q=tbn:ANd9GcSX5OankobnhI9qnMH2rn1A9LnHZbCwMq4sKgC2Hnpvj-Sqie2iSA&s
https://encrypted-tbn0.gstatic.com/images?q=tbn%3AANd9GcTeTv_Ee4ZdgYA66ylVBImbAXJF4s7BcZneyKy0J-_iGuESpP13&usqp=CAU
https://encrypted-tbn0.gstatic.com/images?q=tbn%3AANd9GcSYSyXvI8VMaHbdrZ_qYJndn9Jk_KwMGAPLKdHoJKJH6QoGWR7N&usqp=CAU
https://encrypted-tbn0.gstatic.com/images?q=tbn%3AANd9GcTb9QhtO1VQF5Zwwf-RIegFF51SdArBsCYI571o5-iZoZrbUfrx&usqp=CAU
https://mylife.redbridge.gov.uk/uploadedImages/Redbridge/Redbridge_Homepage/zMyLife_redesign/Categories/Easy_read/My_safety/Physical%20attack.jpg?n=395
https://encrypted-tbn0.gstatic.com/images?q=tbn%3AANd9GcQXVDmo8W_X8q_75367gpfat6PLEavwE7OT-aS7HxNycw57h6xB&usqp=CAU
https://encrypted-tbn0.gstatic.com/images?q=tbn%3AANd9GcSdz_hFIxsX_uEppZHx42gq7EAVTePyYiKZapxUdCoeLcJWD_QL&usqp=CAU
https://epmgaa.media.clients.ellingtoncms.com/img/photos/2016/01/08/teen-voilence-photo_t580.jpg?8f1b5874916776826eb17d7e67de7278c987ca33
https://encrypted-tbn0.gstatic.com/images?q=tbn%3AANd9GcSXUlAj_npf8hvRoveTfBAqtgf0csSLP4f9yayuZDiwHKWt5uQp&usqp=CAU
https://previews.123rf.com/images/rawpixel/rawpixel1705/rawpixel170535366/78320328-teen-fight-anger-conflict-violence-aggression.jpg
https://d2gg9evh47fn9z.cloudfront.net/800px_COLOURBOX6433141.jpg
https://previews.123rf.com/images/lightfieldstudios/lightfieldstudios2003/lightfieldstudios200308448/142575055-kyiv-ukraine-january-27-2020-aggressive-friends-quarreling-and-fighting-while-holding-lotto-cards.jpg
https://nchschant.com/wp-content/uploads/2015/05/emit1.jpg
https://www.sciencenewsforstudents.org/wp-content/uploads/2019/11/bullying.jpg
https://encrypted-tbn0.gstatic.com/images?q=tbn%3AANd9GcQ9y7IoGOGUO2fnxtOCzNWaars-0TMzhnuKdnjUZ6Gv0wLnvd8l&usqp=CAU
https://encrypted-tbn0.gstatic.com/images?q=tbn%3AANd9GcRs3YNOSRL68WUFmJivmhsBmg1NPboxxZAPB6i1FrswK_6asdPf&usqp=CAU
https://encrypted-tbn0.gstatic.com/images?q=tbn%3AANd9GcR5VWW3hm_U6u2acNP7CiZnUrJUjPoJwtGX65FyKlDUbhQurhPU&usqp=CAU
https://encrypted-tbn0.gstatic.com/images?q=tbn%3AANd9GcScMLvhYad674GG4f7SeBrPh1V-qtgAYszAz0sY1pek9G-bipJ_&usqp=CAU
https://i.dailymail.co.uk/i/pix/2012/09/06/article-2199340-14DF0F6F000005DC-912_634x435.jpg
https://i.ytimg.com/vi/J57zmVHJkjo/maxresdefault.jpg
https://encrypted-tbn0.gstatic.com/images?q=tbn%3AANd9GcSOFf4JbBSHmHd81pfR8669mjS6uU0aAK3RvDYJuXvyvYhGMUTW&usqp=CAU
https://encrypted-tbn0.gstatic.com/images?q=tbn%3AANd9GcS74NGfGyrrhbK1Z0FtmwZDfkl-s9FP65_V2fPkASwsbBImjFfx&usqp=CAU
https://encrypted-tbn0.gstatic.com/images?q=tbn%3AANd9GcQBao-D_ReGWhloYZkQ0l9yHV6XMZqzljzxC4XqJqgdGphj4qAq&usqp=CAU
https://encrypted-tbn0.gstatic.com/images?q=tbn%3AANd9GcThF4mZFRedh3lcMCDwVXLNBqtTp1OCcpTOCyKwjb7FO-XH-JGq&usqp=CAU
https://lh3.googleusercontent.com/proxy/VL8IjTJJmuRQaag-SjW8WG9PuprL_xPAuXCnzCxe56ZpZY3qmA2F4RypThkUt_1Hu5Fp7gfZwGiHe1iDO-9pbnewWN79jx5xoPUyB_sxIA
https://encrypted-tbn0.gstatic.com/images?q=tbn%3AANd9GcSTjZ0KRXeU5_YXgvfMV9a9GFT6_ln-AYfYZqaEJwEvd_h9p-S-&usqp=CAU
https://encrypted-tbn0.gstatic.com/images?q=tbn%3AANd9GcTDgQoLN3IYv1_xloyBvkLDeWvM1YycE4yodAjPcBMs4CZPmd5X&usqp=CAU
https://i.ytimg.com/vi/0NJf66QN3nE/hqdefault.jpg
https://encrypted-tbn0.gstatic.com/images?q=tbn:ANd9GcQJEosKPc-BKuZkD86E7qlzZ8he_MHkG5KAYvmcdkHeO_xkhtl68Q&s
https://encrypted-tbn0.gstatic.com/images?q=tbn%3AANd9GcSBRdUB6QvbT_ZR2QNIvwolwOyFE7KfU-KRapRHxP0V4lGGkRR1&usqp=CAU
https://encrypted-tbn0.gstatic.com/images?q=tbn%3AANd9GcRfZlGSE7zJxki05A5VCXI4zMg8SFqucjMSOERYXQHjWT3kY6Sn&usqp=CAU
https://encrypted-tbn0.gstatic.com/images?q=tbn%3AANd9GcQFRIZpaGyhqko5k-ZT28QJPqesHqWV2JVf-V35XkZrEhFMpHs7&usqp=CAU
https://i.dailymail.co.uk/i/pix/2016/08/06/22/36F1FEFB00000578-3727329-image-m-47_1470520587040.jpg
https://encrypted-tbn0.gstatic.com/images?q=tbn%3AANd9GcQLln1ofaLT98wwTjM4kEkFSFLIcx3cLdId7jRwQCiQR59yUYW7&usqp=CAU
https://encrypted-tbn0.gstatic.com/images?q=tbn%3AANd9GcT4zkC8Wdkmgy7FFiWUG1dkq5X2jrmajgzo3QabS1fg3ijGqM7y&usqp=CAU
https://encrypted-tbn0.gstatic.com/images?q=tbn%3AANd9GcS9VOrk8vO1e5yevUmncZM2OOqlhiwoJdE4-3eeKojZhNpIdUcW&usqp=CAU
https://filebox.ece.vt.edu/~santol/cvmlp/pose_clipart/data/output/image_collection/full_exp_1/foundImgs/2I6R9Y8TNKIMM1ZB3A8S8OM583H8VE_01.jpg
https://encrypted-tbn0.gstatic.com/images?q=tbn%3AANd9GcRVzTcAjTUhDEk3CwfjIh5ib1PmkwdP8Wu49Vv5x_gAjkWseHez&usqp=CAU
https://filebox.ece.vt.edu/~santol/cvmlp/pose_clipart/data/output/image_collection/full_exp_1/foundImgs/2I6R9Y8TNKIMM1ZB3A8S8OM583H8VE_05.jpg
https://filebox.ece.vt.edu/~santol/cvmlp/pose_clipart/data/output/image_collection/full_exp_1/foundImgs/2I6R9Y8TNKIMM1ZB3A8S8OM583H8VE_02.jpg
https://media.gettyimages.com/photos/-picture-id10168368
https://i.dailymail.co.uk/i/pix/2011/06/29/article-2009332-0CC7CA0900000578-396_634x300.jpg
https://encrypted-tbn0.gstatic.com/images?q=tbn:ANd9GcQNcv7YHyzEx3dL9OQ2N-C_FUJpPr_-vxnGDogfhavIImLWnoU2&s
https://encrypted-tbn0.gstatic.com/images?q=tbn:ANd9GcTqkuERoeSMECs810GtC4ygPg0ruJcclHvj5pyglM0wHjhaU2b8zg&s
https://encrypted-tbn0.gstatic.com/images?q=tbn:ANd9GcTcmqol37Na13orDAAg5Qz5RJhKm3z7un8Y9IgIH_G7PEWuyvHo&s
https://encrypted-tbn0.gstatic.com/images?q=tbn:ANd9GcQKnGshg3QiEh3_7v_i7sJoubkxvZRUzmUBba7hsyFlB88j-LaoMw&s
https://www.canstockphoto.com/bad-man-abusing-of-beautiful-woman-10757692.html
https://media.gettyimages.com/photos/abused-young-woman-picture-id171573801?s=2048x2048
https://www.canstockphoto.com/domestic-violence-3528850.html
https://pmcvariety.files.wordpress.com/2013/08/real-world-portland-fight.jpg?w=640
https://encrypted-tbn0.gstatic.com/images?q=tbn%3AANd9GcSw8UCYp45K-WN3J_U7cjiXnzMhMwGFNmissTfIkqfWGIA-dTsv&usqp=CAU
https://thesurvivallife.com/wp-content/uploads/2016/11/knock-someone-without-hurting.jpg
https://i2-prod.mirror.co.uk/incoming/article5362752.ece/ALTERNATES/s615/Emmerdale-WK13.jpg
https://c8.alamy.com/comp/F1K8Y5/one-male-high-school-student-beating-up-another-while-other-students-F1K8Y5.jpg
https://c8.alamy.com/comp/FDPHCW/opponentsfighthittingfightingconflictbeating-FDPHCW.jpg
https://qph.fs.quoracdn.net/main-qimg-8cd4321781031335f781fe9f04225bcb
https://da28rauy2a860.cloudfront.net/wellbeing/wp-content/uploads/2016/09/d3a5410acf0e4de18cc440dde149faba.png
https://images.vice.com/vice/images/content-images/2015/04/21/a-new-chinese-phone-app-lets-you-hire-thugs-and-get-them-to-beat-people-up-for-you-904-body-image-1429617743.jpg
https://www.chucksconnection.com/kid/kid04.jpg
https://encrypted-tbn0.gstatic.com/images?q=tbn:ANd9GcREBiBY6ulS76kEOfYsrMKtYTuzh2MnJZIu30KGGNWjg1IPxDRs&s
https://encrypted-tbn0.gstatic.com/images?q=tbn:ANd9GcR2Xbpnaajfs1a_9hvWiwQnwz73MRKQPgcwUzHeMFjE7KQ9uahLjA&s
https://old.kosovapress.com/public/uploads/image/635x374/dy-te-lenduar-pas-sulmit-nga-persona-te-panjohur.jpg
https://encrypted-tbn0.gstatic.com/images?q=tbn:ANd9GcSbdYZRtNtNQ3qWi6U6ymw45t6XVl2qROnKU2WIpFYzxWZAmEk7Hg&s
https://encrypted-tbn0.gstatic.com/images?q=tbn:ANd9GcQAuwJ7JAkLBZOLKegeV2KV_h5Mmeh-UOhQejuSHuHAam9BgE66sQ&s
https://cdn.empoweringparents.com/aggressive-behavior-in-young-children-200x200.jpg
https://www.gosmartlife.com/hs-fs/hubfs/images/emotional_abuse.jpg?width=380&name=emotional_abuse.jpg
https://www.childandfamilyblog.com/wp-content/uploads/2014/12/Lansford-image-1024x681.jpg
https://encrypted-tbn0.gstatic.com/images?q=tbn:ANd9GcSbBh5WxJpEgrPd7YRJik4eaEK6bIQt47zs2QBrcOuEobxKLqlufQ&s
https://encrypted-tbn0.gstatic.com/images?q=tbn:ANd9GcTJvZHBZsI2HwHwz35xCppqTdM4tA7nmQa0CIgLvEY9uUUUfm1vMw&s
https://encrypted-tbn0.gstatic.com/images?q=tbn:ANd9GcQSJ03f9xFWn19roBSuC__FlNEHSjBH5WvPdleqr3MyvZwEbOLvSg&s
https://s3.amazonaws.com/s3.mp-cdn.net/d0/e4/d20407cf39c623f9c6004507e518-should-parents-hit-their-children-for-their-misbehavior.jpg
https://image.shutterstock.com/image-photo/mother-hit-her-ldaughter-belt-260nw-533423830.jpg
https://encrypted-tbn0.gstatic.com/images?q=tbn%3AANd9GcTp7mePF9YoIcctstd1EhB-Bfmr6l7KEIjXoVQyQUq0eYJwn4ar&usqp=CAU
https://encrypted-tbn0.gstatic.com/images?q=tbn%3AANd9GcTs-TpEU7_8tGnAOhUZL_XqOJZisywpx-Ic-ThkgW8fDEtSr3iF&usqp=CAU
https://encrypted-tbn0.gstatic.com/images?q=tbn%3AANd9GcTkniMiNOBo30GF72G2HmgzrXMfu05DXnkuCzdACBNBt31Cp_kk&usqp=CAU
https://encrypted-tbn0.gstatic.com/images?q=tbn%3AANd9GcR6XGSE83tqMqNQ3iVxnUpHsVsMCioC8I3FTLwEyydIRsI5VMCY&usqp=CAU
https://upload.wikimedia.org/wikipedia/commons/thumb/f/fa/Bullying_on_Instituto_Regional_Federico_Err%C3%A1zuriz_%28IRFE%29_in_March_5%2C_2007.jpg/1200px-Bullying_on_Instituto_Regional_Federico_Err%C3%A1zuriz_%28IRFE%29_in_March_5%2C_2007.jpg
https://static2.bigstockphoto.com/9/2/3/large1500/329347477.jpg
https://lh4.googleusercontent.com/proxy/GO1IT26YC2JPbU6mw_K7j5UFHPXcud_BPg-UmbN57pZuJkJnt3IKGtmqJJ0MqwFuUwt6Xu9wC_tHwRMT2xTLuvMCrD4YTf7EM8eb_DCAP6p4Fnj0wCboVDB5cemLd4Y8
https://4.bp.blogspot.com/_MCO1qE7_1Qk/SnCQdsfL7DI/AAAAAAAAAEw/BC5Tu-Rj7VU/s320/IMG_3122.JPG
https://akm-img-a-in.tosshub.com/indiatoday/images/story/202003/thumbnail_cover_pic.jpeg?nBDfh.TjJwORWDT2DHa5xOROpqDm0jzv
https://ak5.picdn.net/shutterstock/videos/398575/thumb/1.jpg
https://www.mercurynews.com/wp-content/uploads/2017/08/8399647146.jpg?w=620
https://encrypted-tbn0.gstatic.com/images?q=tbn%3AANd9GcQ5bTlK4PRkhMreeswQnFIZjhhnhbu-eLFZJN7ZqnniLpBKU6y8&usqp=CAU
https://e.rpp-noticias.io/xlarge/2017/10/31/063406_511033.jpg
https://images.squarespace-cdn.com/content/v1/51bdd6cfe4b09566e1112c43/1513603074542-NWBBATQKULA34T5RHQ4B/ke17ZwdGBToddI8pDm48kNLP3Gk_8hUnPIZqQpvDr9J7gQa3H78H3Y0txjaiv_0fDoOvxcdMmMKkDsyUqMSsMWxHk725yiiHCCLfrh8O1z5QPOohDIaIeljMHgDF5CVlOqpeNLcJ80NK65_fV7S1UTb3dP0JwEp0LYwMedcMeRar_nZ22H_Js-_GbhlCwEQ-cGQULMgcOB5jGTLpuikW4w/pelea+ni%C3%B1os.jpg
https://encrypted-tbn0.gstatic.com/images?q=tbn:ANd9GcRX_4jH3dP-nXKAqippxDzDnYTmKrCQiJQvy3Q953BXouAXUplc&s
https://www.thesun.co.uk/wp-content/uploads/2018/12/NINTCHDBPICT000454678680.jpg?strip=all&w=960
https://flippedtips.com/plegal/ltgb1/drivaswq1_files/image002.jpg
https://www.positiveparentingsolutions.com/wp-content/uploads/Picture1-4.png
https://previews.123rf.com/images/lightfieldstudios/lightfieldstudios1905/lightfieldstudios190504083/122879302-two-multiethnic-students-fighting-in-corridor-in-college.jpg
https://m0.joe.ie/wp-content/uploads/2013/09/jonjones1.jpg
https://u2v2u3t5.stackpathcdn.com/wp-content/uploads/2019/05/Donald-Cerrone-Iaquinta-660x400.jpg
https://encrypted-tbn0.gstatic.com/images?q=tbn%3AANd9GcTNfMPz1OH8zYelO4kz2Hw6408QRXJoOzqxd5rZ-JaQwcMDNb48&usqp=CAU
https://images.wisegeek.com/fighting-people-near-grass-and-a-tree.jpg
https://encrypted-tbn0.gstatic.com/images?q=tbn:ANd9GcRpPFffyMRlR4AoUYsbWaawwScEg_2ieSv5pW8pWSzXrRK6OTDY&s
https://encrypted-tbn0.gstatic.com/images?q=tbn:ANd9GcQXrya4p7hkI9FC5mVOOWTHNuLQhUr8uU5zmt2urvuEet4LxxLs&s
https://encrypted-tbn0.gstatic.com/images?q=tbn:ANd9GcQe8khQ3ehxfa-HVKhZKMdQU30BJSni6lPlhDpm9ALvUEJHx2hf&s
https://encrypted-tbn0.gstatic.com/images?q=tbn:ANd9GcSCnE5H6Df-qk3WbZHBBdb0RveRpeI5TqPCDb4iW33XvCpi0OGy&s
https://extension.umn.edu/sites/extension.umn.edu/files/styles/crop_banner_image_crop/public/bullying.jpg?h=e7dfcde4&itok=4g8Ymf9J
https://encrypted-tbn0.gstatic.com/images?q=tbn%3AANd9GcQhTYFYMgeRXJNE553vHe2KoGwZZXRoscMsSgEhI4MrtEJ_xIHS&usqp=CAU
https://eltxoromatutino.com/wp-content/uploads/2019/07/depositphotos-203784848-xl-2015-cke.jpg
https://img.manoramaonline.com/content/dam/mm/en/wellness/news-and-research/images/2017/10/2/punishment-1.jpg.image.784.410.jpg
https://i.huffpost.com/gen/1211139/thumbs/o-TAYLOR-LAUTNER-570.jpg?1
https://hw-static.worldstarhiphop.com/u/pic/2016/05/TSk2LQVwj1vr.jpg
https://encrypted-tbn0.gstatic.com/images?q=tbn%3AANd9GcQKQ1I-6jWJr3scfjQRCuCYyqhK9YouNOUVXj4TTdyPsGUhVACi&usqp=CAU
https://hw-static.worldstarhiphop.com/u/pic/2017/01/4lfD17oaw2on.jpg
https://static1.fjcdn.com/comments/Gah+shoulda+known+someone+beat+me+to+this+gif+in+_564ddfca61b3b7491548558d1bc51c1f.jpg
https://c8.alamy.com/comp/H3PMN2/man-beating-up-his-wife-illustrating-domestic-violence-H3PMN2.jpg
https://serialdrama.typepad.com/.a/6a00d83451b72b69e20147e36f6c82970b-pi
https://ksr-ugc.imgix.net/assets/011/699/199/e40601b2264626d4d5bae9e4d1d77fda_original.jpg?ixlib=rb-2.1.0&crop=faces&w=1552&h=873&fit=crop&v=1463686955&auto=format&frame=1&q=92&s=8ef297dd3ad9354306b268880ba8a90e
https://encrypted-tbn0.gstatic.com/images?q=tbn:ANd9GcSWkMZnW22jtiMkzsTAqxzDuGoxTcNAZYt-af9EGftW0R46WZxjJA&s
https://encrypted-tbn0.gstatic.com/images?q=tbn:ANd9GcSnY8Gj-GBKUhcpgXOiIPmdE_9iPYyDPilbJUXrAS8VVJDW09lE&s
https://encrypted-tbn0.gstatic.com/images?q=tbn:ANd9GcQdQc33RVNV_j-EA5AHO2ELDH57fmHw_QcEejgoRmz_46X9NSlggw&s
https://encrypted-tbn0.gstatic.com/images?q=tbn:ANd9GcSYpc_Bb--GLihkWZg1G1Q-beGoUX4WNBkywt6f6RQ_ULvTiC9K&s
https://www.happiest.net/wp-content/uploads/2019/09/bullying-3-720x400.jpg
https://encrypted-tbn0.gstatic.com/images?q=tbn:ANd9GcSZ0kpmkIFz6Fd2fgK8ekjrO0lygQ0CsKku850iZegIX6ihyKG2Bg&s
https://encrypted-tbn0.gstatic.com/images?q=tbn:ANd9GcReXL-yjGVcTYS3QdtPij4ZD5uN02mSNNWo3WwEPm6dbHXUbItc4w&s
https://media.npr.org/assets/img/2018/09/06/gettyimages-487032382-50_wide-76bd9727ca58df5cf6f8c4bcfa8ca39b01361459.jpg?s=1400
https://encrypted-tbn0.gstatic.com/images?q=tbn:ANd9GcTKC_-mt7X7Fm3-992_GFX9zL5XZtAVuure2hOyXZOPwxFnYk7mig&s
https://encrypted-tbn0.gstatic.com/images?q=tbn:ANd9GcS3LxDATDHwBgr023JCc5yWpNo60uSLeFQTi0EIqNU4t4KLGAYjNw&s
https://encrypted-tbn0.gstatic.com/images?q=tbn:ANd9GcS0HlFl5jA56V6H62OVyjniUsrjLir-oavd0F-2t5YZzYqFgsGHVQ&s
https://encrypted-tbn0.gstatic.com/images?q=tbn:ANd9GcR7__xlBhEWl262VmpPARWvVqI-L7l3vUZI3r41ck1gwN8rnedi&s
https://encrypted-tbn0.gstatic.com/images?q=tbn:ANd9GcSRZjqMBvQalJhhx5DFxPjD_fFF7YLvQR7hHoApCIauEMce5krq&s
https://image.shutterstock.com/image-photo/african-american-teenager-bullying-weak-260nw-1492513730.jpg
https://encrypted-tbn0.gstatic.com/images?q=tbn:ANd9GcSvj9E3mHqOLhsjITWy1ROmHTQBzz2IjtKXs_24XMyL4dgfQTG47w&s
https://encrypted-tbn0.gstatic.com/images?q=tbn:ANd9GcTXerfab3_54h_UF5QIsr29u5ETXlSrkysAfrC_CGvCBf_IZ8gZ&s
https://encrypted-tbn0.gstatic.com/images?q=tbn:ANd9GcTa1BefNccFTtB95h8QrCR399G-Ikqtl6Ym4aKn7DeMr9Txxficjg&s
https://encrypted-tbn0.gstatic.com/images?q=tbn:ANd9GcRmSha2ieCWUX4zksqPlXyPZgZRB-3HSCV5K3-thbvRuusIpq2BeA&s
https://encrypted-tbn0.gstatic.com/images?q=tbn:ANd9GcTGzGEqC0Zx_yx99a9Qqq8B9-1vUb6JAwuef7j0OXZUBuSvg267og&s
https://encrypted-tbn0.gstatic.com/images?q=tbn:ANd9GcSS2So4fV_Lh9HvBZPmLD4mC4QaEmuHpr9RNx12WQvdcIDC0nMCmg&s
https://encrypted-tbn0.gstatic.com/images?q=tbn:ANd9GcQUewbktN_32Vx_Umm3829fdE_wP7PDY0UiGmXMWAtFQZ1RzFxNqA&s
https://encrypted-tbn0.gstatic.com/images?q=tbn:ANd9GcQh292TiwMK0rTRlt7VottorJXX4_6hY9sAZG-3CgtA3-RLinzThw&s
https://encrypted-tbn0.gstatic.com/images?q=tbn:ANd9GcRMgzTZRmtCEOfnOTgo7_Kkih5XrO5dqLr6shIpwzX04806BZcH&s
https://encrypted-tbn0.gstatic.com/images?q=tbn:ANd9GcQgIXDiOaHB1UWSh5BcBuICoOU5e1WvE7zqauHwYtOJJY_cf1ah&s
https://encrypted-tbn0.gstatic.com/images?q=tbn:ANd9GcTgP6OgThBx8azdIn-rO6KougkG4g52OMM2EN2c_9QrGCyG7vP5&s
https://encrypted-tbn0.gstatic.com/images?q=tbn:ANd9GcTOQAKYLAwmlzIaATsWNxi2G6H459TaWc9rZvUdd8wOhDWwJt7V&s
https://encrypted-tbn0.gstatic.com/images?q=tbn:ANd9GcRi3SvpUjXsz_TG6zmFiLvo3pLCb1OyArStG304cii902OrH0GFGQ&s
https://encrypted-tbn0.gstatic.com/images?q=tbn:ANd9GcRebrcZDznC3jO18a3rDVDaEqrtnDrJz8gAx4vUmWNEq7rtxyv8Eg&s
https://encrypted-tbn0.gstatic.com/images?q=tbn:ANd9GcR1IhgdSxelFiTVPOmv87bTGtcvAchlSxges5TLg6VywBZzy1cN&s
https://abrozzi.com/wp-content/uploads/2017/12/Bez-imeni-1-621.jpg
https://encrypted-tbn0.gstatic.com/images?q=tbn:ANd9GcQf6t0ctzEh-5u7LQlQnniwNesvu52Lqth45uLGxQCUXMBmgUJV&s
https://www.thesun.co.uk/wp-content/uploads/2016/07/nintchdbpict000253632898.jpg
https://encrypted-tbn0.gstatic.com/images?q=tbn:ANd9GcT0baZldTL23Dcp7FVZ7uWdLmSUxD2yxvEIhPQldIaNp-M1OgaIwg&s
https://encrypted-tbn0.gstatic.com/images?q=tbn:ANd9GcRcSC5Fi_3pjOKeQYdh8G1pPrqhBXT0usDgT2aNuY4tsv974vUI&s
https://i.ytimg.com/vi/WKK8KHxXcbo/maxresdefault.jpg
https://encrypted-tbn0.gstatic.com/images?q=tbn:ANd9GcSwbove-E3dtiJ6ntUHD7yC3Su0hTNzY2n_rXC_gNF9peu76Tda5g&s
https://encrypted-tbn0.gstatic.com/images?q=tbn:ANd9GcRv9gLAuRSU_SdaHn60perj3z49JvSbpCw10IBFxdUZlzkBW2_o&s
https://encrypted-tbn0.gstatic.com/images?q=tbn:ANd9GcSrVRvHBdSLQWrkYkj4OrqY9Snp0-C3w2CXXxKqYvanxsBNbKp-Kg&s
https://encrypted-tbn0.gstatic.com/images?q=tbn:ANd9GcRb8I8U11DeYDLgk3OAdRVhmPtHyjhfBXutMFD7VnuslG9OwHg_MA&s
https://encrypted-tbn0.gstatic.com/images?q=tbn:ANd9GcSFjhVnH3dMG6o-JJ7dz7K2vs3kmcc1n1VmG64TKT4cbhVsH0Q9&s
https://encrypted-tbn0.gstatic.com/images?q=tbn:ANd9GcSwXUU3DSY0wftO8SGf4H4j_4vxPfl2siMw5TJUw77t7EOHDUIcCg&s
https://encrypted-tbn0.gstatic.com/images?q=tbn:ANd9GcRqblCOaZQ9L5D4bPTxionDJWzbpJ6enXRrbwtrtXrdV7bubH_NwQ&s
https://encrypted-tbn0.gstatic.com/images?q=tbn%3AANd9GcTqoDz1bT6Wy6r1tW9xUZBotRb-U_l1l1ttKSLzHD8ybsXrn5mS&usqp=CAU
https://66.media.tumblr.com/8ead7d2d2d27f56a6622239e4ea41d0c/tumblr_mqycqs3zMA1rog5d1o1_500.jpg
https://thumbs.dreamstime.com/z/siblings-fighting-25437612.jpg
https://encrypted-tbn0.gstatic.com/images?q=tbn:ANd9GcQwRRxL3lrJea90CbNd7LIIdPK64R-CBrvK79MxzDrhhydXpDdDrg&s
https://encrypted-tbn0.gstatic.com/images?q=tbn%3AANd9GcRv-Tahapvtn3FTw1EyEpSS_mGJczWU2XBD-wRh3WBMSgtdqFOh&usqp=CAU
https://images.wisegeek.com/bully-sitting-on-other-kid-while-fighting.jpg
https://encrypted-tbn0.gstatic.com/images?q=tbn:ANd9GcSCyLZzrAUF4pkqgxrN9y0enn3k-q7tZEhalm_ZrISr0Q98dC01&s
https://encrypted-tbn0.gstatic.com/images?q=tbn:ANd9GcSPXmf0qbCcQa3O9LaPLNCakx1oTVqCdYnCcXoE6LRZBXy-gtxZ&s
https://www.safetynewsalert.com/wp-content/uploads/2018/07/Men-Fighting.jpg
https://i.pinimg.com/originals/a5/88/94/a58894a91b1c4db8b33512c69eea6738.jpg
https://encrypted-tbn0.gstatic.com/images?q=tbn:ANd9GcRzOIjAGvQQMaJyEduylXRK0_mN9Z3jHR0dQhpWb4frvTIDvdSa&s
https://ewscripps.brightspotcdn.com/dims4/default/440a059/2147483647/strip/true/crop/360x203+0+139/resize/1280x720!/quality/90/?url=http%3A%2F%2Fmediaassets.ktnv.com%2Fphoto%2F2016%2F05%2F19%2Faubrei543_1463684189329_38597498_ver1.0_640_480.jpg
https://media.nbcmiami.com/2019/09/gablesfight3.jpg?resize=640%2C478
https://encrypted-tbn0.gstatic.com/images?q=tbn:ANd9GcRoV4dzV52nHRbnC2huyAWgxlw_hvc7EoXPjRm5XvMMtVlt0YqkOg&s
https://encrypted-tbn0.gstatic.com/images?q=tbn:ANd9GcSZ2j0rAvNWArfMqlxFwUFCNUwpU_c_DP-rj2X93joeAjJZ_pM8Fw&s
https://encrypted-tbn0.gstatic.com/images?q=tbn:ANd9GcTtaZzOBmgRWh0rDhpPc9Lnnif6RlvQwt-qxztEd65nLd01uzmt&s
https://encrypted-tbn0.gstatic.com/images?q=tbn:ANd9GcQFgIH9EzsTWPO3chdZGRyrTb6SeL0NBbPfd-mCRBdKBNhaSJ3z&s
https://kwtv.images.worldnow.com/images/17037554_SA.jpg
https://encrypted-tbn0.gstatic.com/images?q=tbn:ANd9GcQDXxeNEpl-w7PqIFfm7LHB5Q-U4QaU9xAcvrscY1enNtWATMjV&s
https://encrypted-tbn0.gstatic.com/images?q=tbn:ANd9GcSe5MpaOkmitnncHwL18MaQiEcc8sQrhS8qI1EYJmLlVf_P6kUDGQ&s
https://lh3.googleusercontent.com/proxy/PqKmHJWdpLyAzZUhnRbyro-b9WLlumQnred0LouGcuLnIjjSGeADYDbBU4ckew9Bkn-eXfq6om2suFq8f5pTc0siTtRGf2FH26qGAYHlutc-qEpUoobplhQ-5VtpsyYAq2neZkgIZ_OzpuaWNdZSagBWd5qJLXK3YHPtnql80Bli
https://encrypted-tbn0.gstatic.com/images?q=tbn:ANd9GcRSwnlUIgMGOQ9x92L3r5Xj4vCA7u-Pbb4qpDSUv8mO9SveuA_UKw&s
https://www.ocregister.com/wp-content/uploads/migration/kpj/kpjww4-28fightlg.jpg?w=640
https://www.gannett-cdn.com/-mm-/c2cb43e0634aacb5e287340cac95d620eeebbed0/c=0-71-2255-1766/local/-/media/2016/02/16/NJGroup/AsburyPark/635912265145911347-ASB-Willever-012-12---LR.jpg?width=534&height=401&fit=crop
https://aznbadger.files.wordpress.com/2010/12/fp-1024-1.jpg
https://encrypted-tbn0.gstatic.com/images?q=tbn:ANd9GcQE9g_6vBx-KITW4jdK3QO1nUQkp9ve4RVtB4coR--Z0nZsBEJYNQ&s
https://encrypted-tbn0.gstatic.com/images?q=tbn:ANd9GcQPsNTMZ6wV80_OHEAPuG8BA0sogd0hk7eVlaFieI4kHAPvX2He&s
https://encrypted-tbn0.gstatic.com/images?q=tbn:ANd9GcQz0XsJ_mBsaa-J3UnnD9S5LyQnSNCzYsGBf7okwLanycUoXKRB&s
https://encrypted-tbn0.gstatic.com/images?q=tbn:ANd9GcRV7yXOw4DfD_2z5QpYfhmX7G8ZADVA5BZOXPdtm0N1PEx7qp66bA&s
https://encrypted-tbn0.gstatic.com/images?q=tbn:ANd9GcRFLHlmQW3y_JmCn5z4fNED82spnwsf6SJ2w45rqJhfG2KXTQo6Bg&s
https://d1nslcd7m2225b.cloudfront.net/Pictures/480xAny/8/8/4/1112884_bodyguards2.jpg
https://encrypted-tbn0.gstatic.com/images?q=tbn:ANd9GcSwgTXK679dYfOMDcbYLJbr0ZkzALZzA7IE_6uck5TNaI2IBLEl&s
https://encrypted-tbn0.gstatic.com/images?q=tbn:ANd9GcRH7tddKB9ZXH6GYVGT9pben28r4wvjvMp3XKE1iVUugxYRYa3Yeg&s
https://image.shutterstock.com/z/stock-photo-hisarya-bulgaria-june-traditional-oil-wrestling-called-pehlivan-fights-during-the-1460846885.jpg
https://1.bp.blogspot.com/-72nzdApKTuM/WB3Tin8-DJI/AAAAAAAAAtQ/wKslEUjt2zwJas2LNRuU-BK_OJNyTwxPwCLcB/s1600/High-Def_Digest_www.highdefdigest_.com_Blu-ray_Review_Hard_Target_2_Scott_Adkins_3_.jpg
https://encrypted-tbn0.gstatic.com/images?q=tbn:ANd9GcTchkth_BiP5xhpVtLDmYd3hT7auIFFBrmDOtN70EGZpczZ8yfPWA&s
https://encrypted-tbn0.gstatic.com/images?q=tbn:ANd9GcQRYVQcEnz-57qt1JVbhcTnom4p2hZKGph4r-L1e4izOaijh3yHBg&s
https://encrypted-tbn0.gstatic.com/images?q=tbn:ANd9GcQJYvG8_ijF-Z7XynevGX_GFX-hItoESx8EB5TpH2OsGClGwqbxnA&s
https://encrypted-tbn0.gstatic.com/images?q=tbn:ANd9GcRsuNaxHU9mqwicC6UbkukiESS9g8veKC_6JPUeLifjVfb3A6lp&s
https://c8.alamy.com/comp/2A6KP02/hisarya-bulgaria-june-22-2019-traditional-oil-wrestling-called-pehlivan-fights-during-the-festival-hajdut-gencho-in-hisarya-city-in-bulgaria-2A6KP02.jpg
https://i.ytimg.com/vi/OpGBShonhM4/maxresdefault.jpg
https://i.ytimg.com/vi/jm4aVeX27O8/maxresdefault.jpg
https://i.ytimg.com/vi/6p6bJH4s1Q8/hqdefault.jpg
https://i.ytimg.com/vi/mTXWn3D9YBI/hqdefault.jpg
https://encrypted-tbn0.gstatic.com/images?q=tbn:ANd9GcTWHdxMZ9dDe7F50pTor-fRvJ-TOj8vbdmTyp4hfVGjUffhyDrv&s
https://i.ytimg.com/vi/rkIPgy4NCR0/hqdefault.jpg
https://encrypted-tbn0.gstatic.com/images?q=tbn:ANd9GcTC94omoG4K7Wz49Z99wmiuGPTUxSCzwtVFoJkocLP4XWDOpbKD&s
https://i.pinimg.com/736x/62/be/e4/62bee470cbbe73e25731686333b4c62d.jpg
https://encrypted-tbn0.gstatic.com/images?q=tbn:ANd9GcQMKNkyQ1uHHOnz4PTvt336ag_TDhVrNfRWD-3y1zmkCQMisNhj&s
https://encrypted-tbn0.gstatic.com/images?q=tbn:ANd9GcS9qWioiKwq3PailB7xeUGh8CLG8pmSvmNjNsyEy9zL1BWsgKJs&s
https://i.ytimg.com/vi/SEArOX6bRCA/hqdefault.jpg
https://encrypted-tbn0.gstatic.com/images?q=tbn:ANd9GcQNHlsXvNQbIi0PoDJoR6y82-MmNiVD2IgxL2wSmNlQm2WckXiF&s
https://encrypted-tbn0.gstatic.com/images?q=tbn:ANd9GcSiDSXq_BbMPd2DunpTIJSsB5DLveFl9PxCCGgW6PG3nqg7-c3tqA&s
https://i.pinimg.com/736x/0e/18/6d/0e186de3c7dc2c76689a111e5fd65219.jpg
https://i.pinimg.com/474x/65/5f/a4/655fa43f3409c211175ca8c8e7f33bac--west-hartford-connecticut-jujutsu.jpg
https://c8.alamy.com/comp/PE51GW/infante-de-primera-marlon-yaxcal-rifleman-brigada-de-infanteria-marina-ground-fights-cabo-nelson-yaxcal-rifleman-brigada-de-infanteria-marina-during-an-urban-combat-course-led-by-us-marines-with-security-cooperation-team-guatemala-special-purpose-marine-air-ground-task-force-southern-command-in-puerto-barrios-guatemala-sept-25-2015-spmagtf-sc-is-a-temporary-deployment-of-marines-and-sailors-throughout-honduras-el-salvador-guatemala-and-belize-with-a-focus-on-building-and-maintaining-partnership-capacity-with-each-country-through-shared-values-challenges-and-responsibilities-PE51GW.jpg
https://2.bp.blogspot.com/-5nOfUo6hAmQ/UheQdwDa8MI/AAAAAAAAsJ4/Ze_r_qcblIg/s1600/Black-women-fighting.jpg
https://encrypted-tbn0.gstatic.com/images?q=tbn:ANd9GcTrUOdXRD-_d7CbL-0mZWYOd-8YY8ZD82rXNhZXY9OaFKv3FruYeA&s
https://encrypted-tbn0.gstatic.com/images?q=tbn:ANd9GcSZsByJym8asF_5cYbTiQhLefFPnawSw8bnViDzRAizlKykOs5HdQ&s
https://i.pinimg.com/originals/61/70/98/617098b9bb7704d8f1f411d67f22a320.jpg
https://encrypted-tbn0.gstatic.com/images?q=tbn:ANd9GcQ3Zfc6vm8LrTuu3AHtBuXbFkV7cTQq9pux0oNGIcMmDmvUxkn4Lg&s
https://encrypted-tbn0.gstatic.com/images?q=tbn:ANd9GcQBGrAnc8JTGm3TxPAZLcU6aiUW1FTSTsT88qtKTnYaxTUSDqJ8qw&s
https://encrypted-tbn0.gstatic.com/images?q=tbn:ANd9GcRGyiKC9_hMY7Zknme4TZbbM0XEMga_rScpJ4rbzsq1VTn0oImGnQ&s
https://encrypted-tbn0.gstatic.com/images?q=tbn:ANd9GcTN9S4M1aOQbGo1lY09KoJjz0tW8uPmcg2kZPPDF9PVwBamQ5Ag&s
https://encrypted-tbn0.gstatic.com/images?q=tbn%3AANd9GcRmUKRzBtOsm2Tt4ias8Y6ieHJEJIFw5IpGZkhp9GlieZIL7Vck&usqp=CAU
https://img.huffingtonpost.com/asset/564c88011e00002d00264c19.jpeg?ops=scalefit_630_400_noupscale
https://cdn.cnn.com/cnnnext/dam/assets/180812142352-baltimore-beating-mcgrier-4-full-169.jpg
https://encrypted-tbn0.gstatic.com/images?q=tbn:ANd9GcQ3sFOpCySTeTHWxZM1M22jYxiV_WMdi6VPTEwCR1l0Y4VRo3QW&s
https://encrypted-tbn0.gstatic.com/images?q=tbn:ANd9GcRcS-_d_CP-JNKWXrSXL1J1PyxUq8yP2_MOsBLDKGsXEdr-4WwyOQ&s
https://encrypted-tbn0.gstatic.com/images?q=tbn:ANd9GcQyHgJ_59IWYX_oBoEXXeSbA6FsKsiKCUd-BelVqe26HKoknAkXRw&s
https://encrypted-tbn0.gstatic.com/images?q=tbn:ANd9GcQZO9EGkCfGYXx08S_FtZzpoCyqqA1bSISf_e3yCLmZQ8yPxjBD&s
https://encrypted-tbn0.gstatic.com/images?q=tbn:ANd9GcQ6LVcmsJUBDyeQjerTmQjmFbJN5fpMThQjwJC2O8KyzWPdp6sgMg&s
https://encrypted-tbn0.gstatic.com/images?q=tbn:ANd9GcQvpiPYptDdIX8i4A26SKUgPz8ykTdx1YOTlv3gWZ6SBMxz2My6&s
https://www.karatebyjesse.com/wp-content/uploads/gatufajt.jpg
https://encrypted-tbn0.gstatic.com/images?q=tbn:ANd9GcQbJLE-0Xq7fXTeMO_A9wp_oR9LS6ASKhe7c0lyj9Wmaz493zXM&s
https://encrypted-tbn0.gstatic.com/images?q=tbn:ANd9GcSonPzT-t-2N17cHUaQFQWG6XK-krrdH0Szp-V3cv7AkSzLL99LUQ&s
https://content.artofmanliness.com/uploads/2008/01/fight.jpg
https://www.wimsblog.com/wp-content/uploads/2015/04/The-brutal-consequences-of-a-street-fight.jpg
https://encrypted-tbn0.gstatic.com/images?q=tbn:ANd9GcSR8Xp5zpIG4GQC2Hdip7xFgz1tfzpCWSAXyKAVudiXVKaS1DmlLw&s
https://consequenceofsound.net/wp-content/uploads/2019/07/ASAP-Rocky-fights-in-Stockholm.png
https://jitstycoon.com/wp-content/uploads/2019/09/BJJ-Street-Fight-and-Self-Defense.jpg
https://encrypted-tbn0.gstatic.com/images?q=tbn:ANd9GcRLzzFDnJdk3y7aZmLQjElhx6wGoBtP531Ha0p7QJKfTmiAUV2h&s
https://encrypted-tbn0.gstatic.com/images?q=tbn:ANd9GcQoiXZhCyrkH4dW8tCLSanAIXG0EwIHg0jfLnRLnQKj5o30FIO-ig&s
https://encrypted-tbn0.gstatic.com/images?q=tbn:ANd9GcQGgxuhHJ62RbvoRRpsrZsCfneHWs6ELfAhmnWjobNqDB515kgKWg&s
https://encrypted-tbn0.gstatic.com/images?q=tbn:ANd9GcQaYpgdJo1ZD-IaH5RFnfGEXnX7JYpWT427pE5ER9pD9Vs-FTK_&s
https://encrypted-tbn0.gstatic.com/images?q=tbn:ANd9GcR2HEy7oQovwIlEeYGv4x46E6a_sGm0darVDzJsdFAZfUnhOl3O&s
https://lh6.googleusercontent.com/proxy/1zaY4srFJhP2jCjM7nkCRaabTI6ZowGbkHS6pbEfhs7TdD7-cHpdVRB-FTB-ejz6Kj9yN-TA_MukCHw5fvkMyYYEF9NjvBaL2wsP_h2v19j0sak3fAM0F-Zfmpcsg9o
https://i2-prod.mirror.co.uk/incoming/article6577549.ece/ALTERNATES/s615b/Street-fight.jpg
https://encrypted-tbn0.gstatic.com/images?q=tbn:ANd9GcRWdETuJZyeI71Jm3S25oCZiy0zOb_hNGpd0slVkH-qu1YxZoV2&s
https://encrypted-tbn0.gstatic.com/images?q=tbn:ANd9GcSzaP6OefDf3ZtAj86dg5_btU-5viJAPhGueIHqlxDN2kKMJ33Eqg&s
https://encrypted-tbn0.gstatic.com/images?q=tbn:ANd9GcQRwCQRSpiQFK9A_MkvC8jWSrl249LzvSCFER2SPy2bhaPpSNaE&s
https://encrypted-tbn0.gstatic.com/images?q=tbn:ANd9GcSuhV3SPnvzyNW8qAHJCzLIoGidlkohlUIFgAfQTUZ3R1-Q1Hrg&s
https://encrypted-tbn0.gstatic.com/images?q=tbn:ANd9GcTfyZqS7FxZxqMdwNgAijvSCn2K9P2cw6EBRvV0hULaIuSxsavsMQ&s
https://encrypted-tbn0.gstatic.com/images?q=tbn:ANd9GcT5inYHSCNsUHWaCbPzRdpI7Jsv9fauWz22mnvIyg8iLPyRo0P7zA&s
https://encrypted-tbn0.gstatic.com/images?q=tbn:ANd9GcQUpeYCM1j-lKXORpNMA5ai31kaVHJBw5zzRf_wXXJBV_IRL-r5&s
https://encrypted-tbn0.gstatic.com/images?q=tbn:ANd9GcSX-pyEt3Y8Smm2mvzBRmauGHPauv1Xdlr9O0p35EU2y48kqjP7PQ&s
https://www.themartialpractice.co.uk/uploads/XfThyQ2j/taekstreetfight.jpg
https://encrypted-tbn0.gstatic.com/images?q=tbn:ANd9GcTlwVoTQt4cOyT2VzVtdm2kkGklLScm1JC-AG_E2C_4flzohYem&s
https://townsquare.media/site/241/files/2011/04/streetfight1-300x200.jpg?w=980&q=75
https://encrypted-tbn0.gstatic.com/images?q=tbn:ANd9GcQlE0VtHRWfFXeVhq7eKLaigItJ98JrgBI_7k2PWEsonwgqvf05jw&s
https://encrypted-tbn0.gstatic.com/images?q=tbn:ANd9GcQDq9Q3w3fT6-savovYogeb2kl5_v-m4az6k_J9cfAtmkzMFHtizQ&s
https://cdn.newsapi.com.au/image/v1/84c1fb65f686abc9d5ec6791b69f0460?width=650
https://encrypted-tbn0.gstatic.com/images?q=tbn:ANd9GcQirHHgXYvPkChmZPVBMLEWs2dcb6avWR1Owxmb1OITs0vIFtob5Q&s
https://encrypted-tbn0.gstatic.com/images?q=tbn:ANd9GcRyplYADjjk1YJtM5sKKN23U7A6t5xjOlBwpvFbQXW6oMhodvAcAw&s
https://encrypted-tbn0.gstatic.com/images?q=tbn:ANd9GcSP8Ml3ouKTSmbabpQNvX3nd7sRhr4K3Ntc3549pEln5pLVp_Sz9w&s
https://encrypted-tbn0.gstatic.com/images?q=tbn:ANd9GcR690Nzcnrjx9M07TGCrLffEXCzDVm5byXithMC5EBXsJ3inIEU&s
https://encrypted-tbn0.gstatic.com/images?q=tbn:ANd9GcQLiYM7FoA5upRua8S0BKboY9UrCEQXVPKD_O0oewfZoQMPgA7p&s
https://encrypted-tbn0.gstatic.com/images?q=tbn:ANd9GcTpEFv9eP5WPSqV4fLkDGyrCFEAgmTGv0ZwuHMdjMOxMMI2OwXf&s
https://encrypted-tbn0.gstatic.com/images?q=tbn:ANd9GcTe6Tjj_S8HeuZQ5mLEMPY1fxSXx-vvoxtm_RdTGvgJ7TnWGhmxog&s
https://cdn.images.express.co.uk/img/dynamic/25/590x/secondary/Google-Maps-Street-View-fight-1314135.jpg
https://google-street-view.com/wp-content/uploads/2013/09/google-street-view-fight.jpg
https://encrypted-tbn0.gstatic.com/images?q=tbn:ANd9GcRS42recz6J1Qq3JCEt-Pwgnvk9aq0bPgN6ezOe8A0hxOzdNkf8Gw&s
https://encrypted-tbn0.gstatic.com/images?q=tbn:ANd9GcQ1BsFJKIj6W-UqhVqmXw_ZxHhQQ-Ns0fafLkbl-fVCf7Wpqdc39w&s
https://lh3.googleusercontent.com/proxy/15Wx7cdYDSmndiEk4iep1Z8yCjE5aRwlw-IRLUjUqaB3lKegSL8d8PZpUBwAxH3ynCK_o92sCTv4I7FXmiDG4CGyPsuPdvmPz10GCyo
https://encrypted-tbn0.gstatic.com/images?q=tbn:ANd9GcTIZk_ftfQ46UjAwTXzBzjQIzpnWd3AwQuKQsH7CUZGlrnIVSGGCA&s
https://encrypted-tbn0.gstatic.com/images?q=tbn:ANd9GcQVJ8eynR850WuAMB9gfcS25tFjSMAk0lY0cls7zrKM7zkyMFpM&s
https://encrypted-tbn0.gstatic.com/images?q=tbn:ANd9GcSU_LmUqYsBQ4zAIngIYL-c8Tmv1TdA9nSd7tA8YV2Yyu6vss6g&s
https://encrypted-tbn0.gstatic.com/images?q=tbn:ANd9GcTnrsx-oegs6bszTFFkn9N65XaLN04_jbK-E8SCK_PSHsclnmmxwg&s
https://cdn.images.express.co.uk/img/dynamic/25/590x/secondary/Google-Maps-Street-View-boys-epic-fight-1528654.jpg?r=1538083954060
https://encrypted-tbn0.gstatic.com/images?q=tbn:ANd9GcTU2amIYaSr63IBzZag_HZAObFa019JzfR0rhd97tHFnqwK6SFvBg&s
https://encrypted-tbn0.gstatic.com/images?q=tbn:ANd9GcRnxeH2xThvBaZR_8f1WMHW6z6b-taIundlN5hc15k7WTsnUoGo&s
https://encrypted-tbn0.gstatic.com/images?q=tbn:ANd9GcQ_OsCWuzLCC0OavsLv6tj6garXWojmhIdgGs9QhYKwoL2EtUUN&s
https://www.fightinstrong.com/wp-content/uploads/2017/10/MTstreet.png
https://encrypted-tbn0.gstatic.com/images?q=tbn:ANd9GcQ1sw4aQSZCvRTZzYV0A8sQ8Zbalqx31PhwMGLnXNetA2lVJNGAPw&s
https://encrypted-tbn0.gstatic.com/images?q=tbn:ANd9GcTg-y-AXpgYQIyCC1w7Gzu6BuUEI21NhnZxdU-K4-wD7mxn0a9pjA&s
https://encrypted-tbn0.gstatic.com/images?q=tbn:ANd9GcS722AySE0w0MoPjALTQe8YhXVex-xPlzljZno0knw-4h7niX7jhw&s
https://google-street-view.com/wp-content/uploads/2013/04/google-street-view-hungary-girls-fight.jpg
https://encrypted-tbn0.gstatic.com/images?q=tbn:ANd9GcTaUldr31Oo27sBE1i95vyicNrKlVMbxsd9jnmn9oiNQydN71Z9&s
https://encrypted-tbn0.gstatic.com/images?q=tbn:ANd9GcRN5X8no8jCE_fmrCbP1MoiiJ62GeWletUEQacJKsZb7RYde3xVZw&s
https://encrypted-tbn0.gstatic.com/images?q=tbn:ANd9GcQHr1ONyht5vUcQ2IL3kA47WxwAzGDo6D90A2c5mroMIiiSOdfh9A&s
https://media.apnarm.net.au/media/images/2016/11/29/b88462294z1_20161129115548_000g1gdt6hj2-0-ruez0d5m67np0ej9bn2_t1880.jpg
https://images05.military.com/sites/default/files/media/military-fitness/2016/04/air-force-fight-training.jpg
https://encrypted-tbn0.gstatic.com/images?q=tbn:ANd9GcRp6seT8VqAIEXSYQJny5EVQHHlJDkty-uTgaZxOB19GeaYGd8P&s
https://www.kravmagaoz.com.au/wp-content/uploads/2016/07/street-fight.jpg
https://encrypted-tbn0.gstatic.com/images?q=tbn:ANd9GcQZZE7uN7quGZtrQ0Pf0LH85fWAcF2ZUpg_8aOVYB7viyfXkVh0&s
https://media.apnarm.net.au/media/images/2017/10/26/imagev1dea06fc85ae72328e871b2a32586c19c-dfdvzpuqu846g8pi5p2_ct1880x930.jpg
https://encrypted-tbn0.gstatic.com/images?q=tbn:ANd9GcTCkocnJof1YlE3e1I7UFBWHUfJKf9AdHTE05RKOkawHdroGYln&s
https://encrypted-tbn0.gstatic.com/images?q=tbn:ANd9GcQje7AChsNAZuOpsabKSmnNcVqCgOKbxj57MnRe7p1ulJeP4dNW2Q&s
https://encrypted-tbn0.gstatic.com/images?q=tbn:ANd9GcSUTQd7R8dlmkL38ffOOGVOZ_cqBPxPsW-7BkQ9xX3W4MsIrVJ4&s
https://c8.alamy.com/comp/BNNP4N/school-playground-zebra-crossing-boy-stopping-fight-BNNP4N.jpg
https://encrypted-tbn0.gstatic.com/images?q=tbn:ANd9GcRod1_rtxcHtC5GDJLW3NYhiX3NDH49nI0d0EQmH5tpJrGKi9KaPg&s
https://encrypted-tbn0.gstatic.com/images?q=tbn:ANd9GcTBVEbDppsnFTZwr3KLpwamEtFeHQaTHEawHZ1Avf2C9H8Qt0_5&s
https://encrypted-tbn0.gstatic.com/images?q=tbn:ANd9GcSrh7UEkauDcIHJFvyUrvMk0tK4jqarjZpueGZBlS3WeSwDUdg&s
https://img.huffingtonpost.com/asset/5be34a171d00002c00311235.jpeg?ops=scalefit_630_noupscale
https://img-a.udemycdn.com/course/750x422/247262_0e90_8.jpg
https://encrypted-tbn0.gstatic.com/images?q=tbn:ANd9GcSt39IAIr9b_VwtRzCTP4CDtzcY1369uelAnmB1amqtg5HADRdS&s
https://encrypted-tbn0.gstatic.com/images?q=tbn:ANd9GcTPkzI_cw3KzDN9p243J3yb3kz_GFsIt3UzkVGp_0V48SVbDu6g&s
https://encrypted-tbn0.gstatic.com/images?q=tbn:ANd9GcSR6GlJZtKTgHu3cawEmjp1OnGOczo3QOUxLqDwsVm8raK_GVDISA&s
https://image.shutterstock.com/z/stock-photo-street-fight-two-girls-fighting-74036257.jpg
https://hoboken411.com/wp-content/uploads/2007/08/street-fight-hoboken.jpg
https://encrypted-tbn0.gstatic.com/images?q=tbn:ANd9GcSVF9t2ayCSOFusaiOUT07-yxLSs3O6zCbf9mmXCZjUPMN9e4Km&s
https://survival-mastery.com/wp-content/uploads/2016/03/Best-Martial-Arts-for-Street-Fighting-810x549.jpg
https://encrypted-tbn0.gstatic.com/images?q=tbn:ANd9GcQ92ZpCJgV7VRhCK1HwXgNE59CFYvKbt6GAgj6lTtQ9swk_2XAJdw&s
https://encrypted-tbn0.gstatic.com/images?q=tbn:ANd9GcQ8uAV4euFwSfN3pmdVuPU2hWg0hZktxSWBjszY26qtYmF6esO8&s
https://c8.alamy.com/comp/B3MN1J/teenage-girls-model-released-shoot-no-3647-lulu-freinds-B3MN1J.jpg
https://encrypted-tbn0.gstatic.com/images?q=tbn:ANd9GcROl7KrFJmMMXJPAHJIe9pgpDTcR1HYqxxTUMUt0xlUSbX6BX_auQ&s
https://encrypted-tbn0.gstatic.com/images?q=tbn:ANd9GcQYjrf30I7hEZajzlmuftYJJKTScij7Azbt1UuFp9wr3AcBXFLv&s
https://encrypted-tbn0.gstatic.com/images?q=tbn:ANd9GcQG62xdrkeleW4hPpJaGXN7b-FotGpCMRdeZr9l6Zt8epzYf5Celg&s
https://media.giphy.com/media/PEHScXplxXXrO/giphy.gif
https://encrypted-tbn0.gstatic.com/images?q=tbn:ANd9GcSK749Ydgwjds7ugpsuV1TsI51-88kVIEsBVrvHGBcBruPJgMx7&s
https://c8.alamy.com/comp/EFW446/teenagers-teenage-boys-fighting-street-fight-because-one-of-them-touched-EFW446.jpg
https://encrypted-tbn0.gstatic.com/images?q=tbn:ANd9GcSHmRBnSKrD9GNgVSq0eUsm_yshsOzU1497ghWfDLZX3TgL7UckNQ&s
https://thumbs.dreamstime.com/z/street-boys-fight-9518373.jpg
https://encrypted-tbn0.gstatic.com/images?q=tbn:ANd9GcTeJ0MNlGPqL3Z6ZYn500vi8z54C8J8-s-JBKHbbhUEHWJYGH_O&s
https://encrypted-tbn0.gstatic.com/images?q=tbn:ANd9GcQ7vPCXJruf6wFHl-hvShhS1db8o-Bn4YdUZoUhhWVODlIK4bpV&s
https://encrypted-tbn0.gstatic.com/images?q=tbn:ANd9GcTCbk_36VtJrcAf_rMVTk5HMZmuWzi4JjJrhLIKaIZkII1Bv6Xy&s
https://encrypted-tbn0.gstatic.com/images?q=tbn:ANd9GcR-e9IYwL82-1U_zyyLwUj85L2FWzXwd-8aqUu6jMJ_bSVOsXkf&s
https://www.thesun.co.uk/wp-content/uploads/2017/03/old-head-breaks-up-street-fight-and-exposes-fake-friends-mp4-00_00_02_24-still004-e1490114868736.jpg
https://encrypted-tbn0.gstatic.com/images?q=tbn:ANd9GcRLNfjNHROQgvsdqa43OL2nJBJtZRswAO2YoepcSd6cAUonog-w&s
https://img.dtnext.in/Images/Article/201611061039513247_Helping-street-kids-fight-abuse_SECVPF.gif
https://i.dailymail.co.uk/i/pix/2011/06/10/article-2001183-0C71DC8E00000578-203_468x426.jpg
https://encrypted-tbn0.gstatic.com/images?q=tbn:ANd9GcTEQnYEdyWCaLIZJ6HkVbf5khOQ0XonycsD4rIRC1RU-PWQgBUjgA&s
https://live.staticflickr.com/3775/14128257419_5b62706e61_b.jpg
https://encrypted-tbn0.gstatic.com/images?q=tbn:ANd9GcS7iTVkzSA51WiRZaNsHmYmLQfSNHhSrVE3z94NRnPgHr6epVIqmA&s
https://ak2.picdn.net/shutterstock/videos/1023953642/thumb/1.jpg
https://encrypted-tbn0.gstatic.com/images?q=tbn:ANd9GcRKa4sxWvkKfIe4DZMSfrOi3ZlB9cIntYGSqzexmYT0kZuYUQUj&s
https://farm4.staticflickr.com/3271/3024155253_0f5053fdea_b.jpg
https://i.ytimg.com/vi/3n_ZA0fEFSU/hqdefault.jpg
https://www.jiujitsutimes.com/wp-content/uploads/bully-fight-back.png
https://c8.alamy.com/comp/TAYXE7/street-fight-concept-men-brutal-hooligans-wear-leather-jackets-fighting-physical-attack-men-bearded-hipster-fighting-attack-and-defence-aggressive-hooligan-fighting-with-strong-bully-man-TAYXE7.jpg
https://encrypted-tbn0.gstatic.com/images?q=tbn:ANd9GcRwasz9uxIbBhQsww9Yj4bWo3s0C6MySjaXl45qYETDuBQNsC4H&s
https://encrypted-tbn0.gstatic.com/images?q=tbn:ANd9GcTx26kAtTyrQlMgCzwVEyskqJXueulOFtw85EyoUZOzcAQmIL5EFA&s
https://www.alliancegym.com/wp-content/uploads/2013/01/DSC_0157.jpg
https://encrypted-tbn0.gstatic.com/images?q=tbn:ANd9GcQ8ui3vxI_ebErj-Ik2yawh0IRDAiCWtVfOPVm_gTwCiXlGBhlW&s
https://encrypted-tbn0.gstatic.com/images?q=tbn%3AANd9GcQlKhaHpkcIU4xJy033BS0obCqSJdbRbFRHErj-NSDrEarFRY-O&usqp=CAU
https://encrypted-tbn0.gstatic.com/images?q=tbn%3AANd9GcSTJcBQPFOl5QP4hqpoQAlBy3tSO4dRekuAj1yvy9c2jRzB2DaR&usqp=CAU
https://static.toiimg.com/photo/70604656.cms
https://encrypted-tbn0.gstatic.com/images?q=tbn:ANd9GcRH5wMOU7GV0BvJ3f7stc1VFHNmd9hQDFLmLx7zc6p3URMT5U0-4w&s
https://encrypted-tbn0.gstatic.com/images?q=tbn:ANd9GcTeqPqH6BQh6HiyBhncVfG18cWJxYXLKeGRiwU3tzOHluiLegSQ&s
https://encrypted-tbn0.gstatic.com/images?q=tbn:ANd9GcRLoY8Elz4MsNxyK3cyPf02d9wd7hzSGE0mf5iZCMKj7WOeqNld&s
https://encrypted-tbn0.gstatic.com/images?q=tbn:ANd9GcT2ui0yTAWo6ipcKpEqwi92UTq10uQiDPlrv9-UA2s0ulcDmvYD9Q&s
https://media.istockphoto.com/photos/underground-fighting-picture-id173759633?k=6&m=173759633&s=170667a&w=0&h=A9qhiIuWBWsVqSzSOFysMAOI4Lbj7IZJY49jAkpVx_g=
https://www.sfexaminer.com/wp-content/uploads/2019/02/streetfight2-1280x720.jpg
https://encrypted-tbn0.gstatic.com/images?q=tbn:ANd9GcSuLOiEsrmdQXmF7RSbLE6Xc8rhUueJDq7ly3Vm3TC6CoYpzvBM&s
https://encrypted-tbn0.gstatic.com/images?q=tbn:ANd9GcQpB_U2qUSIjVcXAT7ohUkKxwAlQJywTr-XI4nCW7Qz5sh_tAzVrA&s
https://image.shutterstock.com/z/stock-photo-two-man-fighting-in-underground-passage-street-fights-549937516.jpg
https://i.ytimg.com/vi/3G4BaAwbE5E/maxresdefault.jpg
https://encrypted-tbn0.gstatic.com/images?q=tbn:ANd9GcRlJkYjgYY-LItPWdEDA3y8dUU_6WZ-3mrushFz34XI5reNoSSpHw&s
https://i.dailymail.co.uk/i/pix/2016/08/29/14/37AF2E2700000578-3763339-image-a-35_1472477206138.jpg
https://computing.ece.vt.edu/~santol/projects/zsl_via_visual_abstraction/interact/interact_illustration_instance_dataset/imgs/2I6R9Y8TNKIMM1ZB3A8S8OM583H8VE_02.jpg
https://assets.bwbx.io/images/users/iqjWHBFdfxIU/iyJN4oztuvMk/v1/1000x-1.jpg
https://encrypted-tbn0.gstatic.com/images?q=tbn:ANd9GcT7p-L2SF-LFziH_g1aP22RLJnpXF0OhYpDPdHLpvNfZ08_Ct8O&s
https://encrypted-tbn0.gstatic.com/images?q=tbn:ANd9GcTwNa8Zu8X0EqSUY8XcIBX8IXa-5OjqbUX1Rvlu4jO1aMhrrhkf&s
https://encrypted-tbn0.gstatic.com/images?q=tbn:ANd9GcSRW_l2szfI8iwyjBgh87YtbZenFMsi9qtlE7OQdCwzX62iD7Dm4g&s
https://encrypted-tbn0.gstatic.com/images?q=tbn:ANd9GcScGjFNulkhpsnTBsp3BEgFMY6TsqUJR-o8WrVlg1chD4OFM5eF&s
https://encrypted-tbn0.gstatic.com/images?q=tbn:ANd9GcR0HGWobpJe4hCormwsJMvsLpvz103HKCbBPyHDTZZ25JFTXamc3Q&s
https://encrypted-tbn0.gstatic.com/images?q=tbn:ANd9GcQueYseb28D8oCeYqi-PRj3YZ-kLRxXinmyD3KA744sAepyatqp&s
https://encrypted-tbn0.gstatic.com/images?q=tbn:ANd9GcQaJd1g6ls0al60t_3q_RxB_2YxjljKIHwRTH5sjpxGbJSFnLjQDw&s
https://i0.wp.com/www.theworldfighter.com/wp-content/uploads/2019/05/1558609888_maxresdefault.jpg?fit=1280%2C720&ssl=1
https://encrypted-tbn0.gstatic.com/images?q=tbn:ANd9GcTEUQH5AHh38-OVo4K0d-x4fztQ0tgm0PhlZuhENu-5Z4-fJk9y&s
https://encrypted-tbn0.gstatic.com/images?q=tbn:ANd9GcSG23MfiylDP6GA8quHPZu1ncm3R0avwHKnFGrpLQZ6NnvtyhyT&s
https://encrypted-tbn0.gstatic.com/images?q=tbn:ANd9GcQJCjbbqYiXjAE-QMoc4P4Nd1BTekBCRdfRK-REvq-KGobVSMPQSw&s
https://www.nigeriapolicewatch.com/wp-content/uploads/2012/09/police_fight.jpg
https://encrypted-tbn0.gstatic.com/images?q=tbn:ANd9GcTX_ULUfN9k9sbImBhaQBpUXntWkvuRk-DfPx4HktsI15wpyvtO&s
https://encrypted-tbn0.gstatic.com/images?q=tbn%3AANd9GcSVuCzbc7fPhlQNVp4G0V9CFSw7bZaFjzZH7ZltDmK2HJweB4Wm&usqp=CAU
https://encrypted-tbn0.gstatic.com/images?q=tbn:ANd9GcRvw45eFcHTiV4-d11dn8DWeo0xjSw3pGLZnI5izNi9Xx632GxByw&s
https://i.ytimg.com/vi/lf3TxqGtvkI/hqdefault.jpg
"https://images.gawker.com/17m2qac7lnolejpg/c_fit,fl_progressive,q_80,w_470.jpg"
https://encrypted-tbn0.gstatic.com/images?q=tbn:ANd9GcRdjbCnzFMuAgymp4buDfh8H8hUYiKGkR5VtddW1CRK6VNFxnDB&s